text,label
"Argentina's midfield controlled possession and dictated the tempo against Austria.",analysis
"Messi will lead Argentina to another World Cup title if he stays fit.",prediction
"GOOOAL! Argentina scores! The crowd goes absolutely wild!",reaction
"France's high press forced Iraq into multiple turnovers in the final third.",analysis
"Portugal will top their group after thrashing Uzbekistan 5-0.",prediction
"I can't believe Portugal scored FIVE goals! Ronaldo is unreal!",reaction
"Norway's defensive shape was compact and hard to break down in the first half against Senegal.",analysis
"Brazil will win the World Cup — their squad depth is just too good.",prediction
"That Norway winner in the 87th minute was absolutely INSANE!",reaction
"Egypt exploited New Zealand's high defensive line with well-timed through balls.",analysis
"England will struggle to qualify from their group if they keep playing like this.",prediction
"How did England not score?! That was the worst performance I've ever seen!",reaction
"Croatia's midfield trio pressed aggressively and won the ball back quickly against Panama.",analysis
"Morocco will make it to the knockout rounds — their defense is rock solid.",prediction
"Algeria snatched that win against Jordan in the last minute — unbelievable!",reaction
"Algeria's wingers stretched Jordan's back four and created gaps centrally.",analysis
"Colombia will advance from the group stage with ease given their squad quality.",prediction
"Colombia just scored! The energy in that stadium is electric!",reaction
"France's wing-backs overlapped constantly and overloaded Iraq's defensive flanks.",analysis
"Germany will be title contenders once they find their best XI.",prediction
"I'm literally shaking after that Norway comeback against Senegal!",reaction
"Uruguay's defensive block sat deep and relied on counter-attacks against Cape Verde.",analysis
"Netherlands will dominate Tunisia — the talent gap is massive.",prediction
"WHAT A SAVE! That goalkeeper just denied a certain goal!",reaction
"Belgium's midfield lacked creativity and struggled to break down Iran's low block.",analysis
"Japan will finish top of their group if they keep their defensive discipline.",prediction
"I cannot believe Belgium drew with Iran. Absolute disaster!",reaction
"Portugal's frontline pressed high and pinned Uzbekistan's defense in their own half for most of the game.",analysis
"Korea Republic will edge South Africa in a tight match.",prediction
"That Argentina goal was the most beautiful team move I have seen this tournament!",reaction
"England dropped deep too early and invited Ghana pressure in the second half.",analysis
"Brazil will win every single group game — they are just on another level.",prediction
"Ronaldo looked like he was 25 again out there. Five goals! Phenomenal!",reaction
"Norway's pressing triggers were well-organized and disrupted Senegal's build-up play.",analysis
"France will win the tournament — they have the best squad by far.",prediction
"I've never screamed so loud at a football match in my life. Norway!",reaction
"Croatia exploited Panama's full-backs by switching play quickly.",analysis
"Mexico will be a tough opponent for Czechia given their counter-attacking speed.",prediction
"Algeria's last-minute winner left Jordan's players absolutely devastated.",reaction
"Egypt's compact 4-4-2 neutralized New Zealand's attacking threats effectively.",analysis
"Scotland have almost no chance against Brazil — the stats don't lie.",prediction
"THE GOALKEEPER SAVED IT! Incredible reflexes! I'm going crazy right now!",reaction
"Argentina's defensive press started high but dropped to a mid-block late in the game.",analysis
"Ivory Coast will comfortably handle Curacao and move to six points.",prediction
"Uruguay drew with Cape Verde?! That result is a massive shock!",reaction
"France's striker movement off the ball created space for the midfielders to run into.",analysis
"Morocco will be one of the toughest sides to beat in this tournament.",prediction
"I am absolutely stunned. Belgium couldn't beat Iran. What is happening?",reaction
"Algeria's transition from defense to attack was very quick and precise.",analysis
"Germany will finish top of their group — Ecuador won't keep up.",prediction
"Portugal 5-0 Uzbekistan! This team is absolutely on fire right now!",reaction
"England's pressing was inconsistent and allowed Ghana to play through the lines.",analysis
"Sweden will push Japan in a very competitive match.",prediction
"Norway win! Norway win! I'm crying actual tears of joy right now!",reaction
"Croatia's central defenders were dominant in the air and dealt with set pieces well.",analysis
"Colombia will be the dark horse of this World Cup — watch this space.",prediction
"HOW IS THAT NOT A GOAL?! The ball was clearly over the line!",reaction
"Argentina's wide players tracked back defensively and maintained their shape against Austria.",analysis
"Brazil are the favorites to win — Vinicius is in the form of his life.",prediction
"France 3-0 Iraq! This team looks absolutely unstoppable right now!",reaction
"Egypt's wingers delivered consistent crosses that troubled New Zealand's back line.",analysis
"Portugal will be in the quarterfinals at minimum — their squad is elite.",prediction
"I genuinely cannot breathe. That last-minute Algeria goal was too much!",reaction
"Norway's striker held the ball up brilliantly and brought teammates into play against Senegal.",analysis
"Japan have a real shot at the knockouts if they beat Sweden.",prediction
"GOAL! GOAL! GOAL! Argentina are through! This is incredible!",reaction
"Belgium's lack of pressing intensity allowed Iran to build from the back with ease.",analysis
"Morocco will keep another clean sheet — their defense is the best in the tournament.",prediction
"I threw my remote at the TV. England drew AGAIN. Absolute shambles.",reaction
"France targeted Iraq's weak left flank repeatedly with combinations and overlaps.",analysis
"Korea Republic will surprise South Africa with their technical quality.",prediction
"Ronaldo pointing to the sky after that fifth goal made me tear up!",reaction
"Croatia's midfield pressed in waves and disrupted Panama's passing rhythms.",analysis
"Mexico will top their group — their squad depth gives them a big advantage.",prediction
"Uruguay drew with Cape Verde! I am completely speechless right now!",reaction
"Argentina's goal came directly from a well-rehearsed set-piece routine.",analysis
"Algeria will progress from the group as dark horses from their section.",prediction
"That miss from England's striker was the worst I've seen in any World Cup!",reaction
"France exploited the space behind Iraq's high defensive line with runs in behind.",analysis
"Brazil will win the tournament — every department of their squad is world class.",prediction
"Norway just scored! My heart is still racing! What a game!",reaction
"Egypt's defensive transition was rapid and prevented New Zealand from building momentum.",analysis
"Switzerland should beat Canada based on recent form and individual quality.",prediction
"Portugal are FLYING! Five goals and they barely broke a sweat!",reaction
"Norway's wide forwards caused Senegal's full-backs constant problems throughout the match.",analysis
"Germany's firepower will be too much for Ecuador to handle.",prediction
"I SCREAMED so loud my neighbors knocked on the wall. That Croatia winner!",reaction
"Argentina's goalkeeper commanded his area well and organized the defense against Austria.",analysis
"Ivory Coast will win their group with Morocco pushing them hard.",prediction
"Algeria wins it! I am jumping around my living room like a child!",reaction
"Croatia's shape was very disciplined and denied Panama any clear shooting opportunities.",analysis
"Japan have an edge over Sweden in midfield quality and tactical flexibility.",prediction
"WHAT A TOURNAMENT! Every single match has had drama!",reaction
"France's defensive compactness made it very hard for Iraq to create chances.",analysis
"Colombia will win their group — their attack is too strong for the rest.",prediction
"Norway comeback! Senegal must be devastated. Football is cruel and beautiful!",reaction
"Egypt's set-piece delivery was precise and led directly to multiple danger situations.",analysis
"Morocco will be the African nation to go furthest in this tournament.",prediction
"I have never seen Belgium play this badly. Iran should not have held them!",reaction
"Argentina dominated the midfield battle and restricted Austria to very few touches in dangerous areas.",analysis
"Brazil will not drop a single point in the group stage.",prediction
"That goal has to be the goal of the tournament so far! Absolutely brilliant!",reaction
"Portugal's pressing system was relentless and gave Uzbekistan no time to settle.",analysis
"France will be in the final — they look unstoppable at this stage.",prediction
"CROATIA SCORE LATE! Panama fans in tears! Football is heartbreaking!",reaction
"Norway's goalkeeper distributed the ball well and triggered fast transitions against Senegal.",analysis
"Netherlands will be one of the dominant forces in this tournament.",prediction
"I can't stop watching that Algeria goal on repeat. Pure class!",reaction
"Algeria's defensive organization neutralized Jordan's set-piece threat effectively.",analysis
"Korea Republic will qualify from the group if they beat South Africa.",prediction
"France looked so effortless out there. Three goals and barely tried!",reaction
"England's midfield failed to create meaningful opportunities against Ghana.",analysis
"Germany will go deep in this tournament — their squad is in brilliant form.",prediction
"That Belgium result is the upset of the tournament so far. Incredible!",reaction
"Croatia's wing-backs contributed heavily in attack and created overloads against Panama.",analysis
"Morocco will be the team everyone fears in the knockout rounds.",prediction
"Argentina win! Messi and the boys are marching on! Vamos Argentina!",reaction
"France's passing accuracy in the final third was exceptional against Iraq.",analysis
"Japan will be the biggest surprise of this World Cup by the end.",prediction
"Norway's comeback win against Senegal was the most dramatic match so far!",reaction
"Egypt efficiently absorbed pressure and broke with lethal speed against New Zealand.",analysis
"Brazil will be too strong for Scotland — it's not even a fair contest.",prediction
"Portugal 5 Uzbekistan 0! Ronaldo is a cheat code. He's UNREAL!",reaction
"Argentina's build-up was patient and deliberate, eventually unlocking Austria's defense.",analysis
"Colombia will finish above their rivals and win the group.",prediction
"I'm still shaking after that Algeria last-minute winner. Madness!",reaction
"France targeted Iraq's defensive transitions and punished them with quick counters.",analysis
"Germany will win the tournament this year — their squad is the most balanced.",prediction
"SAVE OF THE TOURNAMENT! How did he get his hand to that?!",reaction
"Norway's defensive line stepped up well and caught Senegal offside multiple times.",analysis
"Switzerland have enough quality to edge Canada in a close match.",prediction
"England 0-0 Ghana. Absolutely embarrassing. That squad is too good to draw!",reaction
"Croatia's forwards pressed intelligently and forced Panama's defenders into mistakes.",analysis
"Morocco are genuine contenders — their defensive record is outstanding.",prediction
"Algeria did it in the last second! The commentary team went absolutely berserk!",reaction
"Argentina's high press in the opening twenty minutes suffocated Austria's playmakers.",analysis
"Brazil will outscore every team in this group by at least three goals.",prediction
"I haven't felt emotions like this since the 2022 final. Norway, thank you!",reaction
"France's striker movement dragged defenders out of position and opened pockets of space.",analysis
"Portugal will lead all scorers in the group stage before it's over.",prediction
"WHAT A FINISH! Top corner, keeper had no chance!",reaction
"England's wide players failed to track back and left the defense exposed against Ghana.",analysis
"Colombia's striker will end up as the top scorer in this tournament.",prediction
"Algeria win! Jordan fans completely silenced! Football never fails to deliver!",reaction
"Egypt's midfielders disrupted New Zealand's rhythm with aggressive pressing.",analysis
"Netherlands are the favorites in their group — no question about it.",prediction
"France three goals up at halftime! Iraq never stood a chance!",reaction
"Norway's team shape was perfectly balanced between attack and defense against Senegal.",analysis
"Germany will be the team to beat as the tournament progresses.",prediction
"CROATIA KEEPER WITH THE SAVE! Panama players cannot believe it!",reaction
"Argentina's movement off the ball created multiple scoring opportunities against Austria.",analysis
"Morocco will reach the semifinals — their run won't stop in the groups.",prediction
"I'm hoarse from screaming. That Norway winner has broken the internet!",reaction
"France's midfield pressed relentlessly and suffocated Iraq's ability to play forward.",analysis
"Brazil will score at least three goals against Scotland — it won't be close.",prediction
"Portugal putting five past Uzbekistan showed exactly why they are title contenders!",reaction
"Egypt's tactical flexibility allowed them to switch between pressing and sitting deep.",analysis
"Japan will make life very difficult for Sweden with their technical discipline.",prediction
"Algeria! Algeria! Algeria! What scenes! What a football match!",reaction
"Argentina's transitions from defense to attack were rapid and incisive against Austria.",analysis
"Korea Republic will qualify from the group if they maintain their defensive structure.",prediction
"How is Belgium not winning?! Their squad is worth ten times Iran's!",reaction
"Croatia's offensive patterns were built around combinations through the half-spaces.",analysis
"France will not concede more than one goal in the entire group stage.",prediction
"Norway comeback complete! Greatest match of the group stage so far!",reaction
"Norway's pressing intensity dropped slightly in the second half against Senegal.",analysis
"Morocco's defense will keep another clean sheet before the group stage ends.",prediction
"I need a minute. That Argentina goal was too good for words!",reaction
"England's tactical setup was too passive and allowed Ghana to dictate the tempo.",analysis
"Colombia will win all three group games without conceding a single goal.",prediction
"GOAL FROM THIRTY YARDS! He just smashed it into the top corner!",reaction
"France's backline maintained a high defensive line and caught Iraq offside repeatedly.",analysis
"Germany's striker will be a contender for the Golden Boot by the end.",prediction
"I watched that Algeria winner six times in a row. Still can't believe it!",reaction
"Argentina's set-piece deliveries caused Austria defensive problems throughout the match.",analysis
"Portugal will be one of the last four teams standing in this tournament.",prediction
"Norway! My heart! My voice! I can't stop cheering!",reaction
"Croatia's defensive organization made it nearly impossible for Panama to find a way through.",analysis
"Brazil will be the team every opponent fears in the knockout rounds.",prediction
"France looked like a completely different level to Iraq. Dominant in every way!",reaction
"Egypt's counter-attacking speed caused New Zealand's backline enormous problems.",analysis
"Switzerland will finish second in their group behind a stronger European rival.",prediction
"Algeria wins in injury time! Jordan's players are on their knees! Football!",reaction
"Argentina's defensive press was well-organized and won the ball back quickly against Austria.",analysis
"Morocco will be the surprise package that goes furthest in this tournament.",prediction
"I literally fell off my sofa when Norway scored that winner. Incredible!",reaction
"France's attacking patterns were varied and unpredictable throughout the match against Iraq.",analysis
"Netherlands will not be seriously tested until the knockout rounds.",prediction
"PENALTY! And he's going to take it himself! Tension is incredible right now!",reaction
"Norway's high-intensity pressing caused Senegal constant problems in the second half.",analysis
"Germany will beat Ecuador and top their group with ease.",prediction
"Portugal five goals! Ronaldo hat-trick! This World Cup has absolutely delivered!",reaction
"England's lack of a cohesive pressing structure allowed Ghana to progress up the pitch.",analysis
"Japan are quietly building something special — they will surprise everyone.",prediction
"Algeria just won it! The stadium erupted! Greatest atmosphere of the tournament!",reaction
"Croatia's wide forwards caused Panama's full-backs constant defensive headaches.",analysis
"Colombia are the most complete team in the Americas at this tournament.",prediction
"I've lost my voice cheering. Worth every second. This World Cup is amazing!",reaction
